id,created_at,text
1339602425812897796,2020-12-17 16:04:41,@RAM_Maroc    at 761  avion plein  plus le  retard plus le covid
1339577459021393920,2020-12-17 14:25:29,@RAM_Maroc sinon vous pouvez rÃ©pondre bande de voleurs?????
1339558905278570501,2020-12-17 13:11:45,"RT @OneyFrance: #NouveauPartenaire : Les clients de @RAM_Maroc, compagnie aÃ©rienne leader, reliant le Maroc aux mÃ©tropoles mondiales peuvenâ€¦"
1339555138101514249,2020-12-17 12:56:47,@RAM_Maroc !!!!!!!!!!!!!!!!!!!!! Faut-il que je porte plainte contre vous ? Comme dâ€™autres lâ€™ont dÃ©jÃ  fait ?!!!!!!!â€¦ https://t.co/WubyAWBSzk
1339554783271792640,2020-12-17 12:55:22,@RAM_Maroc Bon alors @RAM_Maroc on en est ? Mon dossier est encore et tjrs en cours ?!!!!! On peut espÃ©rer une rÃ©poâ€¦ https://t.co/BN50FtcphL
1339551325923753988,2020-12-17 12:41:38,@RAM_Maroc j'essaye depuis des mois de rÃ©gler mon problÃ¨me concernant mes billets d'avion du mois d'avril via votre service client!!!
1339541323557335042,2020-12-17 12:01:53,@RAM_Maroc pas de rÃ©ponses????? Est ce une blague. Une compagnie vraiment trÃ¨s nullissime.
1339523996195442690,2020-12-17 10:53:02,@RAM_Maroc When Will you start flights from Copenhagen to morocco?
1339519734811865089,2020-12-17 10:36:06,RT @nawfal: Â«Non ! Ce nâ€™est pas un Ã©quipage de la Royal Air Maroc ... mÃªme si câ€™est la mÃªme ambianceÂ» Arthur - la rÃ©putation de la @RAM_Marâ€¦
1339512301137907712,2020-12-17 10:06:34,"@RAM_Maroc i am flying from heathrow to abidjan and then returning, both flights are via casablanca. Do i need a neâ€¦ https://t.co/MbSeGLuw9J"
1339491324102369280,2020-12-17 08:43:12,"Au dÃ©part de @aeroportmp Marseille, Royal Air Maroc @RAM_Maroc lancera le 11 fÃ©vrier une ligne sur Marrakech avec 2â€¦ https://t.co/NzY3Y0zUEH"
1339473928864083968,2020-12-17 07:34:05,@RAM_Maroc do you currently fly from Nigeria to the United Kingdom. Iâ€™m looking to book for the first week in Januaâ€¦ https://t.co/IgVoZ7pyyv
1339414910468562945,2020-12-17 03:39:34,@RAM_Maroc choquÃ© de cette compagnie
1339414808328884224,2020-12-17 03:39:10,@RAM_Maroc sur un vol d'au moins moins 100 personnes. Seules 2 ont reÃ§us leur bagages. Comment fait-on? Honte Ã  vous!
1339378756641701888,2020-12-17 01:15:54,"RT @patrik_buchler: Boeing 737-800 Royal Air Maroc (RAM) CN-RGV still in ""60 years"" special colours 
Geneva 16 December 2020
@777er300 @zrhâ€¦"
1339348760258863107,2020-12-16 23:16:42,RT @fadelabdellaoui: Imagine le vol @RAM_Maroc casa telaviv câ€™est le AT 1948
1339311172655476739,2020-12-16 20:47:21,"RT @patrik_buchler: Boeing 737-800 Royal Air Maroc (RAM) CN-RGV still in ""60 years"" special colours 
Geneva 16 December 2020
@777er300 @zrhâ€¦"
1339308026591928321,2020-12-16 20:34:51,RT @fadelabdellaoui: Imagine le vol @RAM_Maroc casa telaviv câ€™est le AT 1948
1339305593165783048,2020-12-16 20:25:11,@fadelabdellaoui @RAM_Maroc Comment ils choisissent ces nr et codes?!!
1339300613490872323,2020-12-16 20:05:23,@say_cok @fadelabdellaoui @RAM_Maroc Exactement https://t.co/KBLGJht5I2
1339297990708768772,2020-12-16 19:54:58,@RAM_Maroc Ù…ØªÙŠ Ø¨ØªÙØªØ­ÙˆÙ† Ø§Ù„ØªØ§Ø´ÙŠØ±Ø§Øª Ù…Ù† Ø¯Ø¨ÙŠ Ø§Ù„ÙŠ Ø§Ù„Ù…ØºØ±Ø¨
1339289173891686402,2020-12-16 19:19:56,RT @fadelabdellaoui: Imagine le vol @RAM_Maroc casa telaviv câ€™est le AT 1948
1339287210118574084,2020-12-16 19:12:08,@fadelabdellaoui @RAM_Maroc Ca sera AT 1937
1339279651655573507,2020-12-16 18:42:06,@RAM_Maroc il se passe quoi sur le vol AT765 ?? Un bordel comme pas possible ğŸ˜¤ğŸ˜¤..
1339278191190552582,2020-12-16 18:36:18,"Boeing 737-800 Royal Air Maroc (RAM) CN-RGV still in ""60 years"" special colours 
Geneva 16 December 2020
@777er300â€¦ https://t.co/qq01tA8vam"
1339272354954948614,2020-12-16 18:13:06,RT @fadelabdellaoui: Imagine le vol @RAM_Maroc casa telaviv câ€™est le AT 1948
1339271808164519943,2020-12-16 18:10:56,@RAM_Maroc Ù„Ø¯ÙŠÙ†Ø§ ÙˆØ¶Ø¹ Ø®Ø§Øµ Ù…Ø¹ Ø§Ù„Ø­ÙƒÙˆÙ…Ø© Ø§Ù„ØµÙŠÙ†ÙŠØ© ÙˆØ§Ù„Ø­ÙƒÙˆÙ…Ø© Ø§Ù„Ù†ÙŠØ¬ÙŠØ±ÙŠØ©.  Ù…Ø·Ù„ÙˆØ¨ Ù…Ù†Ø§ Ø§Ù„Ø®Ø±ÙˆØ¬ Ù…Ù† Ø§Ù„ØµÙŠÙ† Ù‚Ø¨Ù„ Ù†Ù‡Ø§ÙŠØ© ÙØ¨Ø±Ø§ÙŠØ±.  Ù†Ø¸Ø±Ù‹Ø§â€¦ https://t.co/CSGG95k9Bu
1339267243180511234,2020-12-16 17:52:47,@RAM_Maroc @lauins Ù„Ø¯ÙŠÙ†Ø§ ÙˆØ¶Ø¹ Ø®Ø§Øµ Ù…Ø¹ Ø§Ù„Ø­ÙƒÙˆÙ…Ø© Ø§Ù„ØµÙŠÙ†ÙŠØ© ÙˆØ§Ù„Ø­ÙƒÙˆÙ…Ø© Ø§Ù„Ù†ÙŠØ¬ÙŠØ±ÙŠØ©.  Ù…Ø·Ù„ÙˆØ¨ Ù…Ù†Ø§ Ø§Ù„Ø®Ø±ÙˆØ¬ Ù…Ù† Ø§Ù„ØµÙŠÙ† Ù‚Ø¨Ù„ Ù†Ù‡Ø§ÙŠØ© ÙØ¨Ø±Ø§ÙŠØ±â€¦ https://t.co/ht2qMco9dM
1339267154567426049,2020-12-16 17:52:26,@RAM_Maroc @lauins Ù„Ø¯ÙŠÙ†Ø§ ÙˆØ¶Ø¹ Ø®Ø§Øµ Ù…Ø¹ Ø§Ù„Ø­ÙƒÙˆÙ…Ø© Ø§Ù„ØµÙŠÙ†ÙŠØ© ÙˆØ§Ù„Ø­ÙƒÙˆÙ…Ø© Ø§Ù„Ù†ÙŠØ¬ÙŠØ±ÙŠØ©.  Ù…Ø·Ù„ÙˆØ¨ Ù…Ù†Ø§ Ø§Ù„Ø®Ø±ÙˆØ¬ Ù…Ù† Ø§Ù„ØµÙŠÙ† Ù‚Ø¨Ù„ Ù†Ù‡Ø§ÙŠØ© ÙØ¨Ø±Ø§ÙŠØ±â€¦ https://t.co/l2k9nq6Hcx
1339267022694330373,2020-12-16 17:51:55,@RAM_Maroc Ù„Ø¯ÙŠÙ†Ø§ ÙˆØ¶Ø¹ Ø®Ø§Øµ Ù…Ø¹ Ø§Ù„Ø­ÙƒÙˆÙ…Ø© Ø§Ù„ØµÙŠÙ†ÙŠØ© ÙˆØ§Ù„Ø­ÙƒÙˆÙ…Ø© Ø§Ù„Ù†ÙŠØ¬ÙŠØ±ÙŠØ©.  Ù…Ø·Ù„ÙˆØ¨ Ù…Ù†Ø§ Ø§Ù„Ø®Ø±ÙˆØ¬ Ù…Ù† Ø§Ù„ØµÙŠÙ† Ù‚Ø¨Ù„ Ù†Ù‡Ø§ÙŠØ© ÙØ¨Ø±Ø§ÙŠØ±.  Ù†Ø¸Ø±Ù‹Ø§â€¦ https://t.co/z30078CkDY
1339266947922468867,2020-12-16 17:51:37,@RAM_Maroc Ù„Ø¯ÙŠÙ†Ø§ ÙˆØ¶Ø¹ Ø®Ø§Øµ Ù…Ø¹ Ø§Ù„Ø­ÙƒÙˆÙ…Ø© Ø§Ù„ØµÙŠÙ†ÙŠØ© ÙˆØ§Ù„Ø­ÙƒÙˆÙ…Ø© Ø§Ù„Ù†ÙŠØ¬ÙŠØ±ÙŠØ©.  Ù…Ø·Ù„ÙˆØ¨ Ù…Ù†Ø§ Ø§Ù„Ø®Ø±ÙˆØ¬ Ù…Ù† Ø§Ù„ØµÙŠÙ† Ù‚Ø¨Ù„ Ù†Ù‡Ø§ÙŠØ© ÙØ¨Ø±Ø§ÙŠØ±.  Ù†Ø¸Ø±Ù‹Ø§â€¦ https://t.co/aybzraEZ4A
1339266855769427975,2020-12-16 17:51:15,@RAM_Maroc Ù„Ø¯ÙŠÙ†Ø§ ÙˆØ¶Ø¹ Ø®Ø§Øµ Ù…Ø¹ Ø§Ù„Ø­ÙƒÙˆÙ…Ø© Ø§Ù„ØµÙŠÙ†ÙŠØ© ÙˆØ§Ù„Ø­ÙƒÙˆÙ…Ø© Ø§Ù„Ù†ÙŠØ¬ÙŠØ±ÙŠØ©.  Ù…Ø·Ù„ÙˆØ¨ Ù…Ù†Ø§ Ø§Ù„Ø®Ø±ÙˆØ¬ Ù…Ù† Ø§Ù„ØµÙŠÙ† Ù‚Ø¨Ù„ Ù†Ù‡Ø§ÙŠØ© ÙØ¨Ø±Ø§ÙŠØ±.  Ù†Ø¸Ø±Ù‹Ø§â€¦ https://t.co/OhtYlB0McW
1339251757763977217,2020-12-16 16:51:15,"Est ce que c'est lÃ©gal de jouer avec les textes du (CE) nÂ° 261/2004?
""Par consÃ©quent, du fait du contexte de criseâ€¦ https://t.co/TSB6iBGhe1"
1339250824040632320,2020-12-16 16:47:33,@fadelabdellaoui @RAM_Maroc Si câ€™est un vol rÃ©gulier yâ€™aura juste 3 chiffre deriere le AT ou le RAM... ceux Ã  4 chiâ€¦ https://t.co/5fp0MS5HbQ
1339245028087107584,2020-12-16 16:24:31,RT @fadelabdellaoui: Imagine le vol @RAM_Maroc casa telaviv câ€™est le AT 1948
1339244287360372736,2020-12-16 16:21:34,@nawfal @RAM_Maroc Tweet sponsorisÃ©
1339239057134653442,2020-12-16 16:00:47,"#NouveauPartenaire : Les clients de @RAM_Maroc, compagnie aÃ©rienne leader, reliant le Maroc aux mÃ©tropoles mondialeâ€¦ https://t.co/DyoxgJ1gzF"
1339233199067697155,2020-12-16 15:37:31,@ConsEspCaracas @ConsEspQuito @ConsuladoEspNY @qatarairways @emirates @RAM_Maroc @airarabiagroup
1339221624109879297,2020-12-16 14:51:31,@RAM_Maroc Thank you!
1339220212563009536,2020-12-16 14:45:54,"@fadelabdellaoui @RAM_Maroc Mais tgl, ils sont capables de le faire ğŸ˜­"
1339218143957356546,2020-12-16 14:37:41,@RAM_Maroc On veut rentrÃ© Ã  Malabo depuis Casablanca
1339217688590168066,2020-12-16 14:35:53,@RAM_Maroc DOSSIER 01193987. Commencez dÃ©jÃ  par rembourser vos clients oubliÃ©s!!!!!! cela s'appelle du VOL
1339217417222955010,2020-12-16 14:34:48,@RAM_Maroc DODDIER 01193987! Remboursez vos clients!!!!!ğŸ˜¤ğŸ˜¤ğŸ˜¤ğŸ˜¤ğŸ˜¤ğŸ˜¤
1339217168546861056,2020-12-16 14:33:49,"@RAM_Maroc DOSSIER 01193987! COMMENCEZ DEJA PAR REMBOURSER VOS CLIENTS OUBLIES
ğŸ¤¬ğŸ¤¬ğŸ¤¬ğŸ¤¬ğŸ¤¬ğŸ¤¬ğŸ¤¬ğŸ¤¬ğŸ¤¬"
1339215122343079936,2020-12-16 14:25:41,@fadelabdellaoui @RAM_Maroc Ne soit pas Ã©tonnÃ©. VÃ©rifie les noms des vols UAE-Tel Aviv. Fais qulelques recherches et tu verras.
1339213945165508609,2020-12-16 14:21:00,@fadelabdellaoui @RAM_Maroc https://t.co/evfWGEtTUY
1339209439841226754,2020-12-16 14:03:06,@RAM_Maroc rÃ©pondez moi en dm sinon je dis Ã  tout le monde que vous voulez que je paye 140â‚¬ de plus pour un vol queâ€¦ https://t.co/D7PqbGISZd
1339208651911917572,2020-12-16 13:59:58,@fadelabdellaoui @RAM_Maroc Ù„ÙŠÙ‡ÙˆØ¯ğŸ• ØºÙŠØ± ØªØ²Ù‚Ø±ÙŠÙ… Ø§Ø°Ø§ Ù…Ø§Ø®Ø¯Ø§ÙˆØ´ Ù…Ø§ ÙŠØ¹Ø·ÙŠÙˆØ´ ØŒ Ø§Ù„Ø·ÙŠØ±Ø§Ù† ØºØ§Ø¯ÙŠ ÙŠÙƒÙˆÙ† Ù…Ù† Ø§Ù„Ø±Ø¨Ø§Ø· Ø£Ùˆ Ù…Ø±Ø§ÙƒØ´ Ø­ÙŠØ« Ø£Ø±Ø®Øµ Ù…Ù† ÙƒØ§Ø²Ø§ ...
1339203090898182152,2020-12-16 13:37:52,@fadelabdellaoui @RAM_Maroc Rabat pas casa
1339200720646664192,2020-12-16 13:28:27,@fadelabdellaoui @RAM_Maroc ğŸ˜‚ğŸ˜‚
1339197444551290887,2020-12-16 13:15:26,@fadelabdellaoui @RAM_Maroc Mec Ã§a sera le AT 0001
1339196745188855813,2020-12-16 13:12:39,"RT @Fly__And__Go: Au dÃ©part de @aeroport_tls Toulouse, Royal Air Maroc @RAM_Maroc lancera le 11 fÃ©vrier une ligne sur Marrakech avec 2 volsâ€¦"
1339193553176698880,2020-12-16 12:59:58,Ce tweet rÃ©sume parfaitement l'expÃ©rience client avec @RAM_Maroc TBAHDILA !! https://t.co/HojfhJv4Te
1339188203253743616,2020-12-16 12:38:43,Â«Non ! Ce nâ€™est pas un Ã©quipage de la Royal Air Maroc ... mÃªme si câ€™est la mÃªme ambianceÂ» Arthur - la rÃ©putation deâ€¦ https://t.co/g0rPiMqGub
1339187610632286210,2020-12-16 12:36:21,@RAM_Maroc SVP depuis octobre jâ€™attends et je continue Ã  attendre... Y a t-il une mise Ã  jour par rapport Ã  mon remboursement? ğŸ˜•
1339187438074388481,2020-12-16 12:35:40,@amine_lahbabi @fadelabdellaoui @RAM_Maroc Fesser 3afek
1339186816990261249,2020-12-16 12:33:12,@Isabell11925177 @RAM_Maroc What!!! Câ€™est pas possible ğŸ˜³ğŸ˜³ğŸ˜³
1339185272559427590,2020-12-16 12:27:04,@fadelabdellaoui @RAM_Maroc Oups !
1339181009586237440,2020-12-16 12:10:08,@fadelabdellaoui @RAM_Maroc Encore mieux le AT 1967
1339174608298192896,2020-12-16 11:44:41,@RAM_Maroc c'est impossible de vous joindre par tÃ©lÃ©phone Ã§a fait une semaine que je tente tous les jours. jamais vâ€¦ https://t.co/2bIyFq25kr
1339174184958693377,2020-12-16 11:43:01,@fadelabdellaoui @RAM_Maroc Meskhout hhhhh
1339170926341054464,2020-12-16 11:30:04,"Au dÃ©part de @aeroportmp Marseille, Royal Air Maroc @RAM_Maroc lancera le 11 fÃ©vrier une ligne sur Marrakech avec 2â€¦ https://t.co/NZMD5PFi3q"
1339168500280143872,2020-12-16 11:20:25,"Au dÃ©part de @aeroport_tls Toulouse, Royal Air Maroc @RAM_Maroc lancera le 11 fÃ©vrier une ligne sur Marrakech avecâ€¦ https://t.co/SGuSOHbKDt"
1339166774126907392,2020-12-16 11:13:34,RT @amine_lahbabi: @fadelabdellaoui @RAM_Maroc Le AT 1937 plutÃ´t
1339166660834582529,2020-12-16 11:13:07,@fadelabdellaoui @RAM_Maroc ğŸ¤£ ğŸ˜‚ ğŸ¤£
1339166365886935040,2020-12-16 11:11:56,@fadelabdellaoui @RAM_Maroc Mchiti b3iiiiiidğŸ˜‚
1339165691371544583,2020-12-16 11:09:15,@fadelabdellaoui @RAM_Maroc Hahahahahahahahahhahahah
1339164335642439681,2020-12-16 11:03:52,RT @fadelabdellaoui: Imagine le vol @RAM_Maroc casa telaviv câ€™est le AT 1948
1339164131136507910,2020-12-16 11:03:03,@fadelabdellaoui @RAM_Maroc Hahahahaha t un ouf
1339162635854614528,2020-12-16 10:57:07,@fadelabdellaoui @RAM_Maroc Le AT 1937 plutÃ´t
1339162302810116096,2020-12-16 10:55:48,@fadelabdellaoui @RAM_Maroc Hhhhhhhh
1339161598980739075,2020-12-16 10:53:00,@fadelabdellaoui @RAM_Maroc Hahahahahahahahahaha
1339161477249454080,2020-12-16 10:52:31,@fadelabdellaoui @RAM_Maroc hahahahahahahaha fdp
1339161391509499909,2020-12-16 10:52:10,@fadelabdellaoui @RAM_Maroc ğŸ˜­ğŸ˜­ğŸ˜­ğŸ˜­ğŸ˜­ğŸ˜­ğŸ˜­ğŸ˜­ğŸ˜­ğŸ˜­ğŸ˜­ğŸ˜­ğŸ˜­ğŸ˜­ğŸ˜­ğŸ˜­ğŸ˜­
1339161058494320641,2020-12-16 10:50:51,Imagine le vol @RAM_Maroc casa telaviv câ€™est le AT 1948
1339036336800624642,2020-12-16 02:35:15,"@RAM_Maroc Depuis le mois Mars en attente du remboursement, câ€™est honteux. Ref : UTIIGP"
1339002708142010376,2020-12-16 00:21:37,@RAM_Maroc what should I do to have my refund? Filed a claim and called your customer service over 10 times but stiâ€¦ https://t.co/aTCwCQuVTF
1339001332150263816,2020-12-16 00:16:09,"@GentleLina @RAM_Maroc Faut utiliser Paypal, au moins tu peux dÃ©poser une plainte pour avoir ton argent avec PayPal"
1339000626190180354,2020-12-16 00:13:21,"@RAM_Maroc to anyone booking, donâ€™t make the mistake I made. youâ€™re better off using a Credit card or PayPal sinceâ€¦ https://t.co/6moS3rwnhg"
1338977493760536580,2020-12-15 22:41:26,@RAM_Maroc @ahmad_wahab90 liers https://t.co/sWi0ugK709
1338977320791658504,2020-12-15 22:40:44,"@RAM_Maroc @Misha06290021 Avoid them, they are liers and hustlers. https://t.co/nanocZEVVH"
1338977020760494080,2020-12-15 22:39:33,@RAM_Maroc @GentleLina https://t.co/alhnPIL77c
1338976962551947270,2020-12-15 22:39:19,"@RAM_Maroc @GentleLina Mensonge, deux ans, c est xa le plut tot possible pr vous?"
1338976643696758784,2020-12-15 22:38:03,@RAM_Maroc @Amiraaah bullshit...the sanitary situation is not an excuse to steal people money for 2 years. what a mâ€¦ https://t.co/CleRth8kuB
1338954861606559750,2020-12-15 21:11:30,#Maroc #Algerie #polisario #France #mauritanie #USA #IsraÃ«l #BahreÃ¯n #Zambia #Morocco #Marruecos @i24NEWS_FRâ€¦ https://t.co/obMmLxjcb7
1338920684072919042,2020-12-15 18:55:41,En el calendario 2021 del @EuropeanTour estÃ¡ el #TrofeoHassanII #golf en octubre: https://t.co/igxBbmeMgcâ€¦ https://t.co/1aROb2zDX2
1338901363410038784,2020-12-15 17:38:55,@RAM_Maroc Dossier 01193987. Remboursez dÃ©jÃ  vos clients
1338889187861393409,2020-12-15 16:50:32,@intoritaa @RAM_Maroc @AirFranceFR â¤ï¸ğŸ™
1338887538698825730,2020-12-15 16:43:59,"De tout coeur avec toi ! Tout se passera bien ne t'en fais pas et Ã§a te fera une histoire de plus, aussi dure soit-â€¦ https://t.co/kxqDTuICjV"
1338883645474566144,2020-12-15 16:28:30,@ahmad_wahab90 @RAM_Maroc Exactly they have done the same to me !
1338868432691896324,2020-12-15 15:28:03,@boulbi777 @AbdoulaSy @RAM_Maroc Pardon ? DM ?
1338860109749911564,2020-12-15 14:54:59,@RAM_Maroc Service de vente mÃ©diocre et personnel incompÃ©tent.  Ils profitent de la situation causÃ©e par le covid.ğŸ¤®â€¦ https://t.co/tVFdGzxKL4
1338834079014416385,2020-12-15 13:11:33,@RAM_Maroc thank you/merci/shukhran for the refund I received on tickets my nephew and I were not able to use in Maâ€¦ https://t.co/BvTyN2nlvC
1338820321592406025,2020-12-15 12:16:53,@OUMIZ @AbdoulaSy @RAM_Maroc Pouvons nous parler en DM ? Merci ğŸ™
1338819871463895043,2020-12-15 12:15:06,RT @OUMIZ: @boulbi777 @AbdoulaSy @RAM_Maroc Mais rien a y faire...des mensonges comme reponse et une perte de https://t.co/63WSz7az5W comptâ€¦
1338797647784718336,2020-12-15 10:46:47,@RAM_Maroc Dossier 01193987. Avant de rÃ©server sachez que la RAM ne rembourse pas!!!!!!
1338797547649970177,2020-12-15 10:46:23,@RAM_Maroc Dossier 01193987. Remboursez en premier lieu vos clients oubliÃ©s avant de faire votre publicitÃ©!
1338797421648900096,2020-12-15 10:45:53,@RAM_Maroc Dossier 01193987! Remboursez en premier temps vos clients!
1338797342640791554,2020-12-15 10:45:34,@RAM_Maroc Dossier 01193987. Certainement pas! Remboursez dÃ©jÃ  vos clients dÃ©laissÃ©s!
1338791985591758848,2020-12-15 10:24:17,@RAM_Maroc dossier 01194987 au nom de Julien Mayeur. Vous remboursez quand les vols retour suite Ã  votre erreur???
1338789049738342401,2020-12-15 10:12:37,@RAM_Maroc dossier 01193987 au nom de Julien Mayeur
1338787667904000000,2020-12-15 10:07:08,"@RAM_Maroc Mais elle est urgente la mienne.
Vous avez annulÃ© et remplacÃ© mon vol Dakar Casablanca du 04/01/2021 parâ€¦ https://t.co/3UZlWc4QMM"
1338780121411547136,2020-12-15 09:37:08,@RAM_Maroc dossier 01193987 au nom de Julien Mayeur! Ã€ quand le remboursement des vols retour???
1338780021138345984,2020-12-15 09:36:45,@RAM_Maroc dossier 0193987 remboursez nous
1338772364365099008,2020-12-15 09:06:19,@RAM_Maroc I've not received my voucher since 1 months now ğŸ˜
1338772046726172672,2020-12-15 09:05:03,@RAM_Maroc  lanza trece rutas a #Europa https://t.co/NDxC690LZ6 vÃ­a @expreso_info https://t.co/Gh2KDqbDIu
1338755025250693120,2020-12-15 07:57:25,RT @ahmad_wahab90: @RAM_Maroc you are the worst company I've ever dealt with for months I've been trying to get a refund for a flight you câ€¦
1338742458788818944,2020-12-15 07:07:29,@RAM_Maroc What about Manchester Casablanca we need one
1338736087716438019,2020-12-15 06:42:10,@boulbi777 @RAM_Maroc Mon dieu
1338735272113016835,2020-12-15 06:38:56,"RT @Walden85853563: @RAM_Maroc La seule compagnie qui arnaque ces client 
Une tache noire qui ne reflete en aucun cas la culture marocainneâ€¦"
1338734831060992000,2020-12-15 06:37:10,@ahmad_wahab90 @RAM_Maroc So true https://t.co/tFWHeSCvEJ
1338734757870333952,2020-12-15 06:36:53,RT @ahmad_wahab90: @RAM_Maroc you are the worst company I've ever dealt with for months I've been trying to get a refund for a flight you câ€¦
1338734715780485120,2020-12-15 06:36:43,"@RAM_Maroc @GentleLina Mensonge, il ne te remboursrrons pas avant deux ans...ils disent 12 mois ce qui est deja incâ€¦ https://t.co/BnL0OxL55w"
1338734324141576193,2020-12-15 06:35:10,"@RAM_Maroc @GentleLina Prenez nous pr des cons. Comprehension ,mon oeil"
1338734097384927232,2020-12-15 06:34:15,@RAM_Maroc @Amiraaah They will take ur money and keep it for 2 years..meanwhile they will keep lying.Avoid themandâ€¦ https://t.co/rfczMfWAdx
1338733390141374466,2020-12-15 06:31:27,"@RAM_Maroc @Amiraaah Avoid them, they are liers and hustlers. https://t.co/360Kej0Q4y"
1338733113510227969,2020-12-15 06:30:21,"@RAM_Maroc @young_momo_ Il ont deja pris deux ans a payer d otre
Evite les et dis a tes proche debles evitez aussi.â€¦ https://t.co/6YDSoiq9eR"
1338732457709903873,2020-12-15 06:27:45,@RAM_Maroc @young_momo_ Ne les ecoute pas. c est non seuleument ds escrots mais aussi des menteurs. Je suis en chinâ€¦ https://t.co/FRflRwtB70
1338731910227316737,2020-12-15 06:25:34,@RAM_Maroc @Amiraaah C est pr plus te berner en privee. c est des escrot qui compte garder l argent des gens 2 ansâ€¦ https://t.co/xAmnnAevxa
1338730803811942401,2020-12-15 06:21:10,RT @young_momo_: @RAM_Maroc  remboursez moi mon argent vous Ãªtes des escrocs avec votre service bas de gamme qui modifie les vols Ã  tout vaâ€¦
1338730783721189379,2020-12-15 06:21:05,@RAM_Maroc @young_momo_ Mensonge
1338730637612597249,2020-12-15 06:20:31,@RAM_Maroc @GentleLina Faite une liste des milliers de gens que vous devez et voyons si les banque ne ferons pas leâ€¦ https://t.co/YHTvlP5Adf
1338729027658399745,2020-12-15 06:14:07,@RAM_Maroc @GentleLina quel excuse pathetic. En quoi le volume de demande concerne les clients. Mettez de l'ordre dâ€¦ https://t.co/VPArCiU8v8
1338727192520364033,2020-12-15 06:06:49,"RT @GentleLina: Merci la @RAM_Maroc de nous prendre pour des cons.

Vol en avril 2020 annulÃ©, toujours pas reÃ§u dâ€™avoir. Et remboursement câ€¦"
1338720667659890690,2020-12-15 05:40:54,"@RAM_Maroc Dossier 01193987 au nom de julien Mayeur.
Remboursement fait MAIS PAS traitÃ©!!!!!! Quand vais je Ãªtre remboursÃ©!?!?"
1338720636454244352,2020-12-15 05:40:46,"@RAM_Maroc Dossier 01193987 au nom de julien Mayeur.
Remboursement fait MAIS PAS traitÃ©!!!!!! Quand vais je Ãªtre remboursÃ©!?!?"
1338720599494062081,2020-12-15 05:40:37,"@RAM_Maroc Dossier 01193987 au nom de julien Mayeur.
Remboursement fait MAIS PAS traitÃ©!!!!!! Quand vais je Ãªtre remboursÃ©!?!?"
1338720568397410305,2020-12-15 05:40:30,"@RAM_Maroc Dossier 01193987 au nom de julien Mayeur.
Remboursement fait MAIS PAS traitÃ©!!!!!! Quand vais je Ãªtre remboursÃ©!?!?"
1338720531688939521,2020-12-15 05:40:21,"@RAM_Maroc Dossier 01193987 au nom de julien Mayeur.
Remboursement fait MAIS PAS traitÃ©!!!!!! Quand vais je Ãªtre remboursÃ©!?!?"
1338720467100766209,2020-12-15 05:40:06,@RAM_Maroc dossier 01193987
1338720400516263937,2020-12-15 05:39:50,@RAM_Maroc dossier 01193987 au nom de Julien Mayeur. Remboursement fait mais PAS TRAITÃ‰!!!!!!! On marche sur la tÃªtâ€¦ https://t.co/ftdN5RVx8s
1338720194114547712,2020-12-15 05:39:01,"@RAM_Maroc Dossier 01193987 au nom de julien Mayeur.
Remboursement fait MAIS PAS traitÃ©!!!!!! Quand vais je Ãªtre remboursÃ©!?!?"
1338710296278552579,2020-12-15 04:59:41,@RAM_Maroc Dossier 01193987 au nom de Julien Mayeur. Une honte pour vos clients oubliÃ©s!!!!!
1338710175776186369,2020-12-15 04:59:12,@RAM_Maroc Dossier 01193987 au nom de Julien Mayeur! Merci de nous rembourser nos vOls retour suite Ã  votre erreurâ€¦ https://t.co/scR2UMYEQr
1338710020180078594,2020-12-15 04:58:35,@RAM_Maroc Dossier 01193987 au nom de julien Mayeur ... remboursement fait et PAS traitÃ©! Mais bon sang! Respectez vos clients
1338709859374600192,2020-12-15 04:57:57,@RAM_Maroc Dossier 01193987 au nom de Julien Mayeur. Quand allez vous nous rembourser????? Remboursement fait et NOâ€¦ https://t.co/XRzMOt5qKf
1338696908345380864,2020-12-15 04:06:29,"RT @RAM_Maroc: Envie de prendre l'air? envolez-vous dÃ¨s maintenant pour Dakhla ğŸ„ au dÃ©part de Paris ğŸ‡«ğŸ‡· avec la RAM!
Renseignez-vous sur lesâ€¦"
1338678237296271361,2020-12-15 02:52:17,@GentleLina @RAM_Maroc 18 mois ğŸ˜…
1338676643980828678,2020-12-15 02:45:57,"@RAM_Maroc No you are not understanding my frustration, if so send me my refund soon. I've been waiting for  6 montâ€¦ https://t.co/u99b8JUWn9"
1338676095177068546,2020-12-15 02:43:47,"@RAM_Maroc I need my money and need then soon, I've commitments and I need my money soon."
1338675577700687873,2020-12-15 02:41:43,"@RAM_Maroc I'm dealing with a company that has structure and framework not a private party, so this answer "" no speâ€¦ https://t.co/4B98hGvlyI"
1338641985465282560,2020-12-15 00:28:14,"RT @Isabell11925177: @RAM_Maroc Rembourser dabors l argent sequestrer avant de tendre d'otre piege pr anaquer les non prevenus.
Fait attentâ€¦"
1338641902111899650,2020-12-15 00:27:54,RT @juju621405: @RAM_Maroc Dossier 01193987. Merci de rembourser nos vols retour!! Dossier dâ€™avril2020. Julien Mayeur
1338641888216170496,2020-12-15 00:27:51,RT @juju621405: @RAM_Maroc Dossier 01193987. Attente du remboursement qui est soit disant en cours!!!! Au nom de Julien Mayeur
1338641789658357761,2020-12-15 00:27:28,"@RAM_Maroc Rembourser dabors l argent sequestrer avant de tendre d'otre piege pr anaquer les non prevenus.
Fait attâ€¦ https://t.co/xoKC2jJAoS"
1338615343108022272,2020-12-14 22:42:22,"RT @boulbi777: Voici comment @RAM_Maroc traite ses passagers lors des escales Ã  Casanblaca, c'est du pur dÃ©lire ğŸ¤¬ !
Il s'agit du vol #AT771â€¦"
1338607981441789953,2020-12-14 22:13:07,@AmiraMasaiti @souknows @karimenn1 @MedJustA @Jeannotlapinou @Words_failed @RAM_Maroc @KIMfarfelu @GreenBethor Nice
1338605315756003330,2020-12-14 22:02:32,@RAM_Maroc Remboursez au gens leur billet dans un premier temps et ensuite ils penseront prendre l'air....
1338595131147096067,2020-12-14 21:22:03,@RAM_Maroc Vous poster mais vous ne rÃ©pondez pas aux questions ... https://t.co/i1otL5MAaI
1338574976283193345,2020-12-14 20:01:58,@RAM_Maroc Ù…Ù†ØªØ¸Ø±ÙŠÙ† Ø§Ù„Ú¤ÙŠØ²Ø§ Ø§Ù„Ø³ÙŠØ§Ø­ÙŠÙ‡ Ø§Ù„Ù‰ Ø§Ù„Ù…ØºØ±Ø¨ Ù„Ù„Ù…Ù‚ÙŠÙ…ÙŠÙ† Ø¯Ø§Ø®Ù„ Ø§Ù„Ù…Ù…Ù„ÙƒÙ‡ Ø§Ù„Ø¹Ø±Ø¨ÙŠÙ‡ Ø§Ù„Ø³Ø¹ÙˆØ¯ÙŠÙ‡
1338571069754634244,2020-12-14 19:46:27,"RT @boulbi777: Voici comment @RAM_Maroc traite ses passagers lors des escales Ã  Casanblaca, c'est du pur dÃ©lire ğŸ¤¬ !
Il s'agit du vol #AT771â€¦"
1338558113922895872,2020-12-14 18:54:58,@RAM_Maroc is Morocco open for tourists now? i hold argentinian passport and i would travel from Turkey. Thank you.
1338553470350204933,2020-12-14 18:36:31,@RAM_Maroc Ù‚Ø¨Ù„ Ø§Ù„Ø¯Ø¹Ø§ÙŠØ§Øª Ø§Ù„Ø¬Ø¯ÙŠØ¯Ø© Ù„Ù„Ø­Ø¬Ø² Ø±Ø¬Ø¹Ùˆ Ø§Ù„Ø§ÙˆÙ„ Ù‚ÙŠÙ…Ù‡ Ø§Ù„ØªØ°Ø§ÙƒØ± Ø§Ù„Ù…Ù„ØºØ§Ù‡. Ù„Ø§Ø´Ù‡Ø± Ù„Ù… Ø§Ø³ØªÙ„Ù… Ù†Ù‚ÙˆØ¯ÙŠ Ùˆ Ù„Ø§ Ø­ØªÙ‰ Ø±Ø¯ Ù…Ù† Ø®Ø¯Ù…Ø© Ø§Ù„Ø¹Ù…Ù„Ø§Ø¡
1338552606751330305,2020-12-14 18:33:05,@RAM_Maroc Be ready to lose your money if the canceled the flight for any reason. For months I'm fighting to get myâ€¦ https://t.co/xRVk9x18Ns
1338546093840330755,2020-12-14 18:07:12,@RAM_Maroc Dossier 01193987. Remboursement COMPLET demandÃ©
1338545998554132481,2020-12-14 18:06:49,@RAM_Maroc Dossier 01193987
1338545964907421699,2020-12-14 18:06:41,@RAM_Maroc Dossier 01193987. Toujours pas remboursÃ© de mes vols retour . Dossier 01193987
1338545798343221249,2020-12-14 18:06:01,@RAM_Maroc Dossier 01193987. Merci de rembourser nos vols retour!! Dossier dâ€™avril2020. Julien Mayeur
1338545616851509248,2020-12-14 18:05:18,@RAM_Maroc Dossier 01293987. Merci de rembourser nos vols retour ! Dossier 01193987
1338545200872960005,2020-12-14 18:03:39,@RAM_Maroc Ù…ØªÙ‰ ØªÙƒÙˆÙ† Ù‡Ù†Ø§Ùƒ Ø·Ø§Ø¦Ø±Ø© Ø¥Ù„Ù‰ Ø§Ù„ØµÙŠÙ†ØŸ
1338544331410575365,2020-12-14 18:00:12,@RAM_Maroc Dossier 01193987. Merci de traiter mon dossier! Julien Mayeur
1338544251769122816,2020-12-14 17:59:53,@RAM_Maroc Dossier 01193987. Compagnie qui se moque de ses clients. Merci de me rembourser votre erreur! Julien Mayeur
1338544136174133248,2020-12-14 17:59:25,@RAM_Maroc Dossier 01193987. Toujours pas de remboursement! Dossier datant de mars! Fuyez cette compagnie! Julien Mayeur
1338544006926651394,2020-12-14 17:58:54,@RAM_Maroc Dossier 01193987. Merci de nous rembourser rapidement plutÃ´t que de faire de la publicitÃ©! Julien Mayeur
1338543812751339530,2020-12-14 17:58:08,@RAM_Maroc Dossier 01193987. Remboursement effectuÃ© mais PAS traitÃ©! La blague! Au nom de Julien Mayeur
1338543535402979329,2020-12-14 17:57:02,@RAM_Maroc Dossier 01193987. Remboursement en attente.... toujours!! Au nom de Julien Mayeur
1338543438862675972,2020-12-14 17:56:39,@RAM_Maroc Dossier 01193987. Attente du remboursement qui est soit disant en cours!!!! Au nom de Julien Mayeur
1338538592499589123,2020-12-14 17:37:23,@RAM_Maroc Ø§Ù†Ø§ Ù…ØºØ±Ø¨ÙŠ Ø§Ø¹ÙŠØ´ ÙÙŠ Ø§Ù„Ø¨ÙŠØ±Ùˆ Ù…Ø¹ Ø§Ù„Ø¹Ù„Ù… Ø§Ù†Ù‡ Ù„Ø§ ÙŠÙˆØ¬Ø¯ Ø®Ø· Ù…Ø¨Ø§Ø´Ø± ÙŠØ±Ø¨Ø· Ø§Ù„Ù…ØºØ±Ø¨ Ø¨Ø§Ù„Ø¨ÙŠØ±ÙˆØŒ Ù…Ù…ÙƒÙ† Ø§Ø³Ø§ÙØ± Ø¥Ù„Ù‰ Ø§Ù„Ù…ØºØ±Ø¨ Ø¹Ù† Ø·Ø±ÙŠâ€¦ https://t.co/iQuJon6HSN
1338537759712096258,2020-12-14 17:34:05,"RT @RAM_Maroc: Are you planning to book your next flight to Morocco?
Royal Air Maroc informs you that printing the health form is now requiâ€¦"
1338536830703202304,2020-12-14 17:30:23,"RT @RAM_Maroc: Envie de prendre l'air? envolez-vous dÃ¨s maintenant pour Dakhla ğŸ„ au dÃ©part de Paris ğŸ‡«ğŸ‡· avec la RAM!
Renseignez-vous sur lesâ€¦"
1338536380750761984,2020-12-14 17:28:36,@RAM_Maroc Casa-dakhla
1338536288547450883,2020-12-14 17:28:14,@RAM_Maroc 2000 dhs aller retour ! C'est de l'arnaque
1338536042652164100,2020-12-14 17:27:16,"RT @RAM_Maroc: ÙÙŠ Ø­Ø§Ø¬Ø© Ø¥Ù„Ù‰ Ø§Ù„Ø±Ø§Ø­Ø© Ùˆ Ø§Ù„Ø§Ø³ØªØ¬Ù…Ø§Ù…ØŸ 
ÙŠÙ…ÙƒÙ†ÙƒÙ… Ø§Ù„Ø¢Ù† Ø²ÙŠØ§Ø±Ø© Ù…Ø¯ÙŠÙ†Ø© Ù…Ø±Ø§ÙƒØ´ â˜€ï¸ Ø¥Ù†Ø·Ù„Ø§Ù‚Ø§ Ù…Ù† Ù„Ù†Ø¯Ù† ÙˆØ¨Ø±ÙˆÙƒØ³Ù„ ÙˆÙ…Ø¯Ø±ÙŠØ¯ ÙˆÙ…ÙŠÙ„Ø§Ù†Ùˆ ÙˆÙ„ÙŠÙˆÙ† ÙˆÙ…Ø±Ø³ÙŠÙ„ÙŠØ§ ÙˆØ¨ÙˆØ±â€¦"
1338535997622153217,2020-12-14 17:27:05,"RT @RAM_Maroc: ÙÙŠ Ø­Ø§Ø¬Ø© Ø¥Ù„Ù‰ Ø§Ù„Ø±Ø§Ø­Ø© Ùˆ Ø§Ù„Ø§Ø³ØªØ¬Ù…Ø§Ù…ØŸ 
ÙŠÙ…ÙƒÙ†ÙƒÙ… Ø§Ù„Ø¢Ù† Ø²ÙŠØ§Ø±Ø© Ù…Ø¯ÙŠÙ†Ø© Ø£Ú­Ø§Ø¯ÙŠØ± ğŸ–ï¸ Ø¥Ù†Ø·Ù„Ø§Ù‚Ø§ Ù…Ù†  Ù„Ù†Ø¯Ù† ÙˆØ¨Ø±ÙˆÙƒØ³Ù„ ÙˆÙ…Ø§Ù†Ø´Ø³ØªØ± ÙˆÙ„ÙŠÙˆÙ† Ù…Ø¹ Ø§Ù„Ø®Ø·ÙˆØ· Ø§Ù„Ù…Ù„ÙƒÙŠØ©â€¦"
1338535938427904002,2020-12-14 17:26:51,"RT @RAM_Maroc: Envie de prendre l'air? envolez-vous dÃ¨s maintenant pour Agadir ğŸ–ï¸ au dÃ©part de Londres, Bruxelles, Manchester et Lyon avecâ€¦"
1338535888230502405,2020-12-14 17:26:39,"RT @RAM_Maroc: Envie de prendre l'air? envolez-vous dÃ¨s maintenant pour Dakhla ğŸ„ au dÃ©part de Paris ğŸ‡«ğŸ‡· avec la RAM!
Renseignez-vous sur lesâ€¦"
1338535872787001345,2020-12-14 17:26:35,"@Atomic_Food @RAM_Maroc Je ne dis rien ana, im fed up"
1338535863534440451,2020-12-14 17:26:33,"RT @RAM_Maroc: ÙÙŠ Ø­Ø§Ø¬Ø© Ø¥Ù„Ù‰ Ø§Ù„Ø±Ø§Ø­Ø© Ùˆ Ø§Ù„Ø§Ø³ØªØ¬Ù…Ø§Ù…ØŸ 
ÙŠÙ…ÙƒÙ†ÙƒÙ… Ø§Ù„Ø¢Ù† Ø²ÙŠØ§Ø±Ø© Ù…Ø¯ÙŠÙ†Ø© Ø§Ù„Ø¯Ø§Ø®Ù„Ø©ğŸ„  Ø¥Ù†Ø·Ù„Ø§Ù‚Ø§ Ù…Ù† Ø§Ù„Ø¹Ø§ØµÙ…Ø© ğŸ‡«ğŸ‡· Ø¨Ø§Ø±ÙŠØ³ Ù…Ø¹ Ø§Ù„Ø®Ø·ÙˆØ· Ø§Ù„Ù…Ù„ÙƒÙŠØ© Ø§Ù„Ù…ØºØ±Ø¨ÙŠØ©.
Ù‚â€¦"
1338535698366861313,2020-12-14 17:25:53,@RAM_Maroc ÙŠÙ…ÙƒÙ†Ù†Ø§ Ø§Ù„Ø­Ø¬Ø² Ø¨Ø¯ÙˆÙ† Ø§Ø¬Ø±Ø§Ø¡ Ø§Ù„Ù„Ù‚Ø§Ø­ØŸ Ù„Ø´Ù‡Ø± Ø§Ø¨Ø±ÙŠÙ„ØŸ
1338535424390803461,2020-12-14 17:24:48,"RT @RAM_Maroc: Envie de prendre l'air? envolez-vous dÃ¨s maintenant pour Dakhla ğŸ„ au dÃ©part de Paris ğŸ‡«ğŸ‡· avec la RAM!
Renseignez-vous sur lesâ€¦"
1338534611907989508,2020-12-14 17:21:34,@RAM_Maroc ÙŠØ§Ø³Ù„Ø§Ù… ğŸ˜
1338534531352190979,2020-12-14 17:21:15,"RT @RAM_Maroc: ÙÙŠ Ø­Ø§Ø¬Ø© Ø¥Ù„Ù‰ Ø§Ù„Ø±Ø§Ø­Ø© Ùˆ Ø§Ù„Ø§Ø³ØªØ¬Ù…Ø§Ù…ØŸ 
ÙŠÙ…ÙƒÙ†ÙƒÙ… Ø§Ù„Ø¢Ù† Ø²ÙŠØ§Ø±Ø© Ù…Ø¯ÙŠÙ†Ø© Ù…Ø±Ø§ÙƒØ´ â˜€ï¸ Ø¥Ù†Ø·Ù„Ø§Ù‚Ø§ Ù…Ù† Ù„Ù†Ø¯Ù† ÙˆØ¨Ø±ÙˆÙƒØ³Ù„ ÙˆÙ…Ø¯Ø±ÙŠØ¯ ÙˆÙ…ÙŠÙ„Ø§Ù†Ùˆ ÙˆÙ„ÙŠÙˆÙ† ÙˆÙ…Ø±Ø³ÙŠÙ„ÙŠØ§ ÙˆØ¨ÙˆØ±â€¦"
1338527700647030786,2020-12-14 16:54:07,"per New York authority, I will need a covid test within 3 days of departing Morocco. This test is only required ifâ€¦ https://t.co/8SpJ7KguJF"
1338522863268220928,2020-12-14 16:34:53,"RT @f4n: @SchipholWatch  @Onderzoeksraad @NOVI_BZK @gemvelsen @ProvincieNH @Schiphol 
Boeing737 @RAM_Maroc op slechts 625m laagte scheert râ€¦"
1338513662244425728,2020-12-14 15:58:20,"Le prix des vols @RAM_Maroc 
EN FIN Dâ€™annÃ©es pour aller au Maroc sont incroyables!!! 

Wesh en plus dun plateau repâ€¦ https://t.co/Mxgxxse4rS"
1338511871524151297,2020-12-14 15:51:13,RT @saiichaa: @RAM_Maroc câ€™est normal ca????!!!
1338511620151123971,2020-12-14 15:50:13,@RAM_Maroc câ€™est normal ca????!!! https://t.co/2F4rfxfrVT
1338507244464386048,2020-12-14 15:32:49,@boulbi777 @RAM_Maroc La meilleure
1338505904312946689,2020-12-14 15:27:30,"RT @boulbi777: Voici comment @RAM_Maroc traite ses passagers lors des escales Ã  Casanblaca, c'est du pur dÃ©lire ğŸ¤¬ !
Il s'agit du vol #AT771â€¦"
1338503024461950976,2020-12-14 15:16:03,@RAM_Maroc Et Ã§a ne rÃ©pond pas non plus aux DM ğŸ¤¦ğŸ¤¦
1338499278201892864,2020-12-14 15:01:10,"RT @boulbi777: @Python_Royaal Oui normalement, mais est ce que @RAM_Maroc va nous calculer mÃªme ? ğŸ¤¦
On va se battre en tout cas...
#Boycottâ€¦"
1338495657947095042,2020-12-14 14:46:47,"@SchipholWatch  @Onderzoeksraad @NOVI_BZK @gemvelsen @ProvincieNH @Schiphol 
Boeing737 @RAM_Maroc op slechts 625m lâ€¦ https://t.co/sMT6kmpz46"
1338481679762132993,2020-12-14 13:51:14,"RT @OUMIZ: @boulbi777 @AbdoulaSy @RAM_Maroc Je n'ai pas pris Air AlgÃ©rie depuis 1992 donc je ne saurais vous dire, mais concernant @RAM_Marâ€¦"
1338478802247311360,2020-12-14 13:39:48,@boulbi777 @AbdoulaSy @minbozo @RAM_Maroc Portez plainte au tribunal de Bamako !
1338478391054438402,2020-12-14 13:38:10,@OUMIZ @boulbi777 @RAM_Maroc on est ensemble
1338478270568914944,2020-12-14 13:37:42,@AbdoulaSy @boulbi777 @RAM_Maroc Merci !
1338478138825830402,2020-12-14 13:37:10,@OUMIZ @boulbi777 @RAM_Maroc courage
1338478035520139275,2020-12-14 13:36:46,@OUMIZ @boulbi777 @RAM_Maroc ğŸ˜²ğŸ˜²ğŸ˜²
1338477876656672772,2020-12-14 13:36:08,"RT @OUMIZ: @boulbi777 @AbdoulaSy @RAM_Maroc Je n'ai pas pris Air AlgÃ©rie depuis 1992 donc je ne saurais vous dire, mais concernant @RAM_Marâ€¦"
1338477801960333313,2020-12-14 13:35:50,RT @boulbi777: @minbozo @AbdoulaSy @RAM_Maroc Oui on aimerait former un groupe de personnes lÃ©sÃ©es et prÃªt Ã  revendiquer (la puissance du nâ€¦
1338476443064471553,2020-12-14 13:30:26,@RAM_Maroc Compagnie a fuir !!! Un service client INEXISTANT plus de 20 emails pour avoir accÃ¨s Ã  un voucher car paâ€¦ https://t.co/ol1W7BcHLE
1338474007243468803,2020-12-14 13:20:45,"RT @boulbi777: Voici comment @RAM_Maroc traite ses passagers lors des escales Ã  Casanblaca, c'est du pur dÃ©lire ğŸ¤¬ !
Il s'agit du vol #AT771â€¦"
1338464846833012736,2020-12-14 12:44:21,"@boulbi777 @codichinma @RAM_Maroc I did, after a year and I had to go through Canadian Transport Agency to help meâ€¦ https://t.co/OMX5Ev1Hbg"
1338461233855520768,2020-12-14 12:30:00,"@RAM_Maroc offre gratuitement une #couverture spÃ©ciale #Covid19 https://t.co/2e20sRBAFu 
#Maroc #transport #aerienâ€¦ https://t.co/sPuJC1VT0U"
1338455568957263872,2020-12-14 12:07:29,@boulbi777 @AbdoulaSy @RAM_Maroc Mais rien a y faire...des mensonges comme reponse et une perte deâ€¦ https://t.co/19UVojqyKl
1338455239251398656,2020-12-14 12:06:10,"@boulbi777 @AbdoulaSy @RAM_Maroc Je n'ai pas pris Air AlgÃ©rie depuis 1992 donc je ne saurais vous dire, mais concerâ€¦ https://t.co/3q6RPkUqkc"
1338451663292686336,2020-12-14 11:51:58,"RT @boulbi777: Voici comment @RAM_Maroc traite ses passagers lors des escales Ã  Casanblaca, c'est du pur dÃ©lire ğŸ¤¬ !
Il s'agit du vol #AT771â€¦"
1338450460529876992,2020-12-14 11:47:11,@RAM_Maroc Flight AT200 CMN to JFK. Is a PCR required when LEAVING Morocco or upon arrival at JFK? Thanks!
1338441115318542336,2020-12-14 11:10:03,RT @LePrince198: La .@RAM_Maroc connaÃ®t une longue et vigoureuse dÃ©chÃ©ance depuis 15 ans.
1338440902898053120,2020-12-14 11:09:12,"@Python_Royaal Oui normalement, mais est ce que @RAM_Maroc va nous calculer mÃªme ? ğŸ¤¦
On va se battre en tout cas...
#BoycottRAM"
1338439530991513608,2020-12-14 11:03:45,La .@RAM_Maroc connaÃ®t une longue et vigoureuse dÃ©chÃ©ance depuis 15 ans. https://t.co/sSwtncHSmx
1338439511412510720,2020-12-14 11:03:41,"@minbozo @AbdoulaSy @RAM_Maroc *sinon, il parait"
1338439403035832321,2020-12-14 11:03:15,@minbozo @AbdoulaSy @RAM_Maroc *pour tenter
1338439318071898112,2020-12-14 11:02:55,@minbozo @AbdoulaSy @RAM_Maroc Oui on aimerait former un groupe de personnes lÃ©sÃ©es et prÃªt Ã  revendiquer (la puissâ€¦ https://t.co/cyD9AZyWcb
1338435894810976257,2020-12-14 10:49:18,"@OUMIZ @AbdoulaSy @RAM_Maroc Finalement, comment s'est passÃ© ma suite ? Dossier abandonnÃ© complÃ¨tement ?"
1338435663830650880,2020-12-14 10:48:23,"@OUMIZ @AbdoulaSy @RAM_Maroc Incroyable !!
Moi qui croyait qu'ils Ã©taient nettement au dessus de Air AlgÃ©rie en terâ€¦ https://t.co/baHn9fHHZX"
1338435224364060677,2020-12-14 10:46:39,RT @OUMIZ: @boulbi777 @AbdoulaSy @RAM_Maroc La RAM est une mauvaise compagnie. Par 2 fois ils ont perdu mes bagages et ne m'ont jamais dÃ©doâ€¦
1338435143116132357,2020-12-14 10:46:19,"RT @keita_sey: @boulbi777 @RAM_Maroc @RAM_Maroc pouvez-vous changer un peu, toujours les mÃªmes histoires. Si ce n'est pas les bagages perduâ€¦"
1338435005035532289,2020-12-14 10:45:46,RT @Sabougnouma99: @boulbi777 @Aminata_C_Tall @RAM_Maroc Je n'ai jamais eu confiance en cette compagnie qui traite des subsahariens comme dâ€¦
1338434687551889409,2020-12-14 10:44:31,"RT @boulbi777: Voici comment @RAM_Maroc traite ses passagers lors des escales Ã  Casanblaca, c'est du pur dÃ©lire ğŸ¤¬ !
Il s'agit du vol #AT771â€¦"
1338434512045432832,2020-12-14 10:43:49,"@boulbi777 @Aminata_C_Tall @RAM_Maroc Au Mali ğŸ‡²ğŸ‡± aussi, nous avons Ã©tÃ© incapable de maintenir nos compagnies aÃ©rienâ€¦ https://t.co/keJqISBxXY"
1338434134822313984,2020-12-14 10:42:19,@boulbi777 @Aminata_C_Tall @RAM_Maroc Je n'ai jamais eu confiance en cette compagnie qui traite des subsahariens coâ€¦ https://t.co/pXVYWS2yKF
1338427293337784321,2020-12-14 10:15:08,"RT @boulbi777: Voici comment @RAM_Maroc traite ses passagers lors des escales Ã  Casanblaca, c'est du pur dÃ©lire ğŸ¤¬ !
Il s'agit du vol #AT771â€¦"
1338426847277838336,2020-12-14 10:13:21,@RAM_Maroc ils se prennent pour @emirates avec leurs billet pour le maroc a 800 euros autant aller a Dubai ğŸ˜‚ğŸ˜‚ğŸ˜‚
1338414426089811970,2020-12-14 09:24:00,"RT @boulbi777: Voici comment @RAM_Maroc traite ses passagers lors des escales Ã  Casanblaca, c'est du pur dÃ©lire ğŸ¤¬ !
Il s'agit du vol #AT771â€¦"
1338413619713871874,2020-12-14 09:20:48,@RAM_Maroc Ù„Ø§ Ø²Ù„Øª Ø§Ù†ØªØ¸Ø± Ø§Ø³ØªØ±Ø¬Ø§Ø¹ Ø§ÙƒØ«Ø± Ù…Ù† 5500  Ø¯Ø±Ù‡Ù… Ù…Ù†Ø° Ø´Ù‡Ø± Ù…Ø§Ø±Ø³ ØŒ @RAM_Maroc ØªØªÙ„Ø§Ø¹Ø¨ÙˆÙ† Ø¨Ø²Ø¨Ù†Ø§Ø¡ÙƒÙ… ØŒ ÙˆÙ„Ø§ ÙŠÙ‡Ù…ÙƒÙ… Ø§Ù„Ø¨ØªØ© Ø§Ù„â€¦ https://t.co/IRAWtHHM42
1338412437322821633,2020-12-14 09:16:06,RT @OUMIZ: @boulbi777 @AbdoulaSy @RAM_Maroc La RAM est une mauvaise compagnie. Par 2 fois ils ont perdu mes bagages et ne m'ont jamais dÃ©doâ€¦
1338412008039985152,2020-12-14 09:14:23,"RT @boulbi777: Voici comment @RAM_Maroc traite ses passagers lors des escales Ã  Casanblaca, c'est du pur dÃ©lire ğŸ¤¬ !
Il s'agit du vol #AT771â€¦"
1338411081522352129,2020-12-14 09:10:42,@boulbi777 @AbdoulaSy @RAM_Maroc La RAM est une mauvaise compagnie. Par 2 fois ils ont perdu mes bagages et ne m'onâ€¦ https://t.co/ggIuJLMFqj
1338406353715552256,2020-12-14 08:51:55,@minbozo @boulbi777 @RAM_Maroc Il le faut c'est inadmissible
1338405860175998976,2020-12-14 08:49:58,@boulbi777 @AbdoulaSy @RAM_Maroc vous pouvez demander des indemnisations.
1338405212881645568,2020-12-14 08:47:23,"RT @boulbi777: Voici comment @RAM_Maroc traite ses passagers lors des escales Ã  Casanblaca, c'est du pur dÃ©lire ğŸ¤¬ !
Il s'agit du vol #AT771â€¦"
1338368948161679361,2020-12-14 06:23:17,"RT @keita_sey: @boulbi777 @RAM_Maroc @RAM_Maroc pouvez-vous changer un peu, toujours les mÃªmes histoires. Si ce n'est pas les bagages perduâ€¦"
1338368777071767552,2020-12-14 06:22:36,"RT @boulbi777: Voici comment @RAM_Maroc traite ses passagers lors des escales Ã  Casanblaca, c'est du pur dÃ©lire ğŸ¤¬ !
Il s'agit du vol #AT771â€¦"
1338365050004889600,2020-12-14 06:07:48,@RAM_Maroc Dossier 01193987 au nom de Julien Mayeur. Dossier remboursÃ© mais PAS TRAITÃ‰!!!! Vous vous moquez de vos clients ou quoi???
1338364557908209664,2020-12-14 06:05:50,@RAM_Maroc dossier 01193987 au nom de Julien Mayeur. Dossier remboursÃ© mais PAS TRAITÃ‰!!!!!! Vous vous moquez de voâ€¦ https://t.co/IrEkYYZ9vs
1338364264596316161,2020-12-14 06:04:40,@RAM_Maroc Dossier 01193987 au nom de julien Mayeur. Dossier remboursÃ© mais PAS TRaITÃ‰!!!!!!!!! Vous vous moquez deâ€¦ https://t.co/fhGTGCgWtY
1338364063533965312,2020-12-14 06:03:53,@RAM_Maroc Dossier 01293987. Au nom de Julien Mayeur. Dossier remboursÃ© mais PAS traitÃ©!??!? De qui se moque t-on????? Respectez vos clients
1338351003188535296,2020-12-14 05:11:59,@RAM_Maroc Dossier 01193987. Dossier remboursÃ© mais PAS traitÃ©!!!!!! On se fiche de nous!?!? Julien Mayeur
1338350968757432321,2020-12-14 05:11:50,@RAM_Maroc Dossier 01193987. Dossier remboursÃ© mais PAS traitÃ©!!!!!! On se fiche de nous!?!? Julien Mayeur
1338350936599781379,2020-12-14 05:11:43,@RAM_Maroc Dossier 01193987. Dossier remboursÃ© mais PAS traitÃ©!!!!!! On se fiche de nous!?!? Julien Mayeur
1338350904731430913,2020-12-14 05:11:35,@RAM_Maroc Dossier 01193987. Dossier remboursÃ© mais PAS traitÃ©!!!!!! On se fiche de nous!?!? Julien Mayeur
1338350874888966144,2020-12-14 05:11:28,@RAM_Maroc Dossier 01193987. Dossier remboursÃ© mais PAS traitÃ©!!!!!! On se fiche de nous!?!? Julien Mayeur
1338350842655682561,2020-12-14 05:11:20,@RAM_Maroc Dossier 01193987. Dossier remboursÃ© mais PAS traitÃ©!!!!!! On se fiche de nous!?!?
1338330840749760514,2020-12-14 03:51:52,"@boulbi777 @RAM_Maroc @RAM_Maroc pouvez-vous changer un peu, toujours les mÃªmes histoires. Si ce n'est pas les bagaâ€¦ https://t.co/swGBFC5XNB"
1338301242829918209,2020-12-14 01:54:15,"@traoremoussan @RAM_Maroc Incroyable mais vrai ğŸ˜ğŸ˜«
#BoycottRAM"
1338300963292127233,2020-12-14 01:53:08,RT @traoremoussan: @boulbi777 @RAM_Maroc OMG !!
1338298945433464833,2020-12-14 01:45:07,@RAM_Maroc une vraie honte plus dâ€™une vingtaine de passagers bloquÃ©s Ã  lâ€™aÃ©roport de Casablanca depuis maintenant pâ€¦ https://t.co/AV6x4ycRjU
1338298218279559168,2020-12-14 01:42:14,"@vivio_gogo @codichinma @RAM_Maroc Have you finally got your money back ? How ?
I've got some issue as well !
@RAM_Maroc 
#BoycottRAM"
1338290360343257095,2020-12-14 01:11:00,"RT @boulbi777: Voici comment @RAM_Maroc traite ses passagers lors des escales Ã  Casanblaca, c'est du pur dÃ©lire ğŸ¤¬ !
Il s'agit du vol #AT771â€¦"
1338287481045856259,2020-12-14 00:59:34,@boulbi777 @RAM_Maroc OMG !!
1338287433281056776,2020-12-14 00:59:22,"RT @boulbi777: Voici comment @RAM_Maroc traite ses passagers lors des escales Ã  Casanblaca, c'est du pur dÃ©lire ğŸ¤¬ !
Il s'agit du vol #AT771â€¦"
1338273133040705537,2020-12-14 00:02:33,"RT @boulbi777: Voici comment @RAM_Maroc traite ses passagers lors des escales Ã  Casanblaca, c'est du pur dÃ©lire ğŸ¤¬ !
Il s'agit du vol #AT771â€¦"
1338272900365885443,2020-12-14 00:01:38,"Voici comment @RAM_Maroc traite ses passagers lors des escales Ã  Casanblaca, c'est du pur dÃ©lire ğŸ¤¬ !
Il s'agit du vâ€¦ https://t.co/sBjyPxErky"
1338120000146714624,2020-12-13 13:54:03,â¦@wecasablancaâ© #Cats #Morocco #MersSultan â¦@RAM_Marocâ© ğŸ˜» https://t.co/Ck4kHWClnY
1338118680417333250,2020-12-13 13:48:49,"@RAM_Maroc @oluoluwole Im going to london True royal air maroc,  london no need covid test , covid test with the transit in marocco"
1338111780069969922,2020-12-13 13:21:23,@RAM_Maroc It is the PCR still mandatory from/to Morocco?
1338095704959574022,2020-12-13 12:17:31,@RAM_Maroc Vous faites honte au Maroc par les conditions dans laquelle les passagers du vol au dÃ©part de Parisâ€¦ https://t.co/UgWHcCflnS
1337982453739220992,2020-12-13 04:47:30,RT @AminaGhisolfi: @RAM_Maroc Le mÃªme message je vous ai envoyÃ©  en MP. Au cas oÃ¹ si vous faites semblant de ne pas comprendre
1337982382184361984,2020-12-13 04:47:13,RT @AminaGhisolfi: @RAM_Maroc Je reviens encore vers vous pour le remboursement de mes 1490 euros. LÃ  j'en ai marre de vos manques de profeâ€¦
1337931934048063489,2020-12-13 01:26:45,RT @Dulles_Airport: Here's looking at you kid! ğŸ™‚ Welcoming our friends @RAM_Maroc from Casablanca back! #ManagerMike https://t.co/I91PdLfiYr
1337866755981635586,2020-12-12 21:07:45,Ù…Ø§ Ø¨Ù‚Ø§ØªØ´ @RAM_Maroc ØºÙŠØ± Ø¯ÙŠØ§Ù„ Ø§Ù„Ø­Ø´ÙŠØ´ https://t.co/HAEibK8gbE
1337818454531989509,2020-12-12 17:55:49,@RAM_Maroc is one of my favorite planes to spot at @Dulles_Airport glad they're back and I hope to photograph thatâ€¦ https://t.co/qNUOoCfmzY
1337796574836088834,2020-12-12 16:28:53,@RAM_Maroc Le mÃªme message je vous ai envoyÃ©  en MP. Au cas oÃ¹ si vous faites semblant de ne pas comprendre
1337795960580280320,2020-12-12 16:26:26,@RAM_Maroc Je reviens encore vers vous pour le remboursement de mes 1490 euros. LÃ  j'en ai marre de vos manques deâ€¦ https://t.co/m5reJ20yMc
1337793596720898048,2020-12-12 16:17:03,RT @zippyman818: @Dulles_Airport @RAM_Maroc #CMN How it started. How it's going. #avgeek #airport #Morocco https://t.co/DoLAkqYRkq
1337793540437532672,2020-12-12 16:16:49,@Dulles_Airport @RAM_Maroc #CMN How it started. How it's going. #avgeek #airport #Morocco https://t.co/DoLAkqYRkq
1337791823624933378,2020-12-12 16:10:00,Here's looking at you kid! ğŸ™‚ Welcoming our friends @RAM_Maroc from Casablanca back! #ManagerMike https://t.co/I91PdLfiYr
1337765006503514115,2020-12-12 14:23:26,"@RAM_Maroc Ø§Ù„Ù…ÙˆØ¸ÙÙˆÙ† Ø§Ù„ÙƒØ±Ø§Ù… ğŸŒ¹

Ù†Ù†Ù€ØªØ¸Ù€Ø± Ø±Ø¯ÙÙ‘ÙƒÙ€Ù€Ù… Ø¹Ù„Ù‰ Ø¥Ø³ØªÙØ³Ø§Ø±Ù†Ø§ ğŸ‘†ğŸ»

Ø¨Ø§Ø±Ùƒ Ø§Ù„Ù„Ù‡ ÙÙŠÙƒÙ€Ù…"
1337759799392542720,2020-12-12 14:02:45,@RAM_Maroc tjrs sans rÃ©ponse Ã§a fait dÃ©jÃ  3h dâ€™attente merci la Royal air M.....de #avisroyal https://t.co/SzrPmVvf4L
1337748985872789506,2020-12-12 13:19:47,"@hananeabdallahB @RAM_Maroc ØµØ¨Ø§Ø­ Ø§Ù„Ø®ÙŠØ± Ø­Ù†ÙˆÙ† 
Ù‡Ø§Ù„Ø¯Ø´ÙŠ Ù…Ø§Ø´ÙŠ Ø¬Ø¯ÙŠØ¯ Ø¯ÙŠÙ…Ø§ Ù‡Ø§ÙƒØ§Ùƒ"
1337744529223462913,2020-12-12 13:02:04,@RAM_Maroc câ€™est une honte ! Ù„Ù‚Ø¯ ØªØ¬Ø§ÙˆØ²ØªÙ… Ø§Ù„Ù…Ø¹Ù‚ÙˆÙ„ ÙˆØ§Ù„Ù…Ø³Ù…ÙˆØ­ Ø¨Ù‡ ! Ø§Ù„Ø®Ø·ÙˆØ· Ø§Ù„Ù…Ù„ÙƒÙŠØ© Ù‡ÙŠ ÙØ¹Ù„Ø§ Ù…Ù† Ø£Ø³ÙˆØ£ Ø´Ø±ÙƒØ§Øª Ø§Ù„Ø·ÙŠØ±Ø§Ù† ÙÙŠ Ø§Ù„Ø¹Ø§â€¦ https://t.co/iAzP6RnMFr
1337741978746970112,2020-12-12 12:51:56,@jordanvid @RAM_Maroc @Maroc_eGov Je suis Ã  paris vous Ãªtes oÃ¹ ? Câ€™est affreux ! Ou sont les responsables
1337740105709219842,2020-12-12 12:44:29,@hananeabdallahB @RAM_Maroc @Maroc_eGov Scandaleux cette gestion! On est sans communication Ã  attendre depuis 1h50...
1337737428275236867,2020-12-12 12:33:51,"@RAM_Maroc 
I will be suing your airline for negligence. 
You issuing my 8 year old child travel ticket without numâ€¦ https://t.co/jiWgmpzqqC"
1337727307750977536,2020-12-12 11:53:38,"@RAM_Maroc Hello, je suis portugaise prevu un voyage pour le 16 janvier 2021 vers Douala, le voyage est maintenu ouâ€¦ https://t.co/5IFEHWjyVc"
1337702081118019584,2020-12-12 10:13:24,"@RAM_Maroc Ø§Ù„Ø³Ù„Ø§Ù… Ø¹Ù„ÙŠÙƒÙ… 

Ù‡Ø°Ø§ Ø§Ù„Ø¥Ø¹Ù„Ø§Ù† Ù„Ù„Ù‚Ø§Ø¯Ù…ÙŠÙ† Ù„Ù„Ù…ØºØ±Ø¨ 
ÙˆØ¨Ø§Ù„Ù†Ø³Ø¨Ø© Ù„Ù„Ù…ØºØ§Ø¯Ø±ÙŠÙ† Ù…Ù† Ø§Ù„Ù…ØºØ±Ø¨ Ù‡Ù„ ÙŠÙ†Ø·Ø¨Ù‚ Ø¹Ù„ÙŠÙ‡Ù… 
ÙƒØ°Ù„Ùƒ Ù‡Ø°Ø§ Ø§Ù„Ø¥Ø¹Ù„Ø§â€¦ https://t.co/T6aeUOxn66"
1337700485957111808,2020-12-12 10:07:03,@RAM_Maroc RC 01193987. Toujours pas de nouvelles pour notre remboursement: respectez vos clients
1337700369586155521,2020-12-12 10:06:36,@RAM_Maroc Rc 01193987. A quand notre remboursement???????
1337700296437489667,2020-12-12 10:06:18,@RAM_Maroc Dossier 01193987. Toujours en attente du remboursement suite Ã  votre erreur
1337700217844535297,2020-12-12 10:05:59,@RAM_Maroc Dossier 01193987. Remboursez nous: merci
1337698726165557248,2020-12-12 10:00:04,@amelberkania94 @RAM_Maroc Je crois c quand tu reste bcp pr le prochain vol
1337687221646843904,2020-12-12 09:14:21,@RAM_Maroc Dossier 01193987. Remboursez nous plutÃ´t que de faire la publicitÃ©
1337687069011873792,2020-12-12 09:13:44,@RAM_Maroc Dossier 01193987! Une honte! Toujours pas de remboursement!!!!
1337686971691528193,2020-12-12 09:13:21,@RAM_Maroc Dossier 01193987. Toujours pas de remboursement en vue!!!!!!!! Respectez vos clients
1337651143468593153,2020-12-12 06:50:59,"RT @News_aero: GOOD TO KNOW | @RAM_Maroc  Maroc puts 6 Boeing 737-700 up for sale

âœˆï¸ RAM met en vente ses 6 Boeing 737-700

â–¶ Ils sont Ã¢gÃ©â€¦"
1337556948464640000,2020-12-12 00:36:41,RT @Dulles_Airport: Just in time for the weekend! Welcome back @RAM_Maroc! https://t.co/wkh4DhC617
1337554241276293121,2020-12-12 00:25:56,RT @Dulles_Airport: Just in time for the weekend! Welcome back @RAM_Maroc! https://t.co/wkh4DhC617
1337552376174178306,2020-12-12 00:18:31,Just in time for the weekend! Welcome back @RAM_Maroc! https://t.co/wkh4DhC617
1337516124716544001,2020-12-11 21:54:28,@RAM_Maroc Ok  moi mon destination ce au Maroc ce possible de voyagÃ© maintenant ?
1337512347267698691,2020-12-11 21:39:28,@RAM_Maroc Et pour le cas inverse pour un vol depuis la France vers le Maroc faut il avoir une attestation de dÃ©plaâ€¦ https://t.co/ibacafUdWz
1337496725561503744,2020-12-11 20:37:23,RT @Dulles_Airport: We are excited to welcome back @RAM_Maroc to the nest for the first time since MARCH with #nonstop flights to Casablancâ€¦
1337493108649553920,2020-12-11 20:23:01,@RAM_Maroc Fraudulent airliner. Avoid by all means or get disappointed.
1337492038066049033,2020-12-11 20:18:45,"@RAM_Maroc como no hay forma de contactar con vosotros, a ver si aquÃ­ recibo respuesta (...).
Mi duda es la siguienâ€¦ https://t.co/FJBfArRElj"
1337488137816334338,2020-12-11 20:03:16,RT @Dulles_Airport: We are excited to welcome back @RAM_Maroc to the nest for the first time since MARCH with #nonstop flights to Casablancâ€¦
1337487568527642629,2020-12-11 20:01:00,We are excited to welcome back @RAM_Maroc to the nest for the first time since MARCH with #nonstop flights to Casabâ€¦ https://t.co/qe1ZO9mHeI
1337472713628200963,2020-12-11 19:01:58,"RT @News_aero: GOOD TO KNOW | @RAM_Maroc  Maroc puts 6 Boeing 737-700 up for sale

âœˆï¸ RAM met en vente ses 6 Boeing 737-700

â–¶ Ils sont Ã¢gÃ©â€¦"
1337470749049806851,2020-12-11 18:54:10,"GOOD TO KNOW | @RAM_Maroc  Maroc puts 6 Boeing 737-700 up for sale

âœˆï¸ RAM met en vente ses 6 Boeing 737-700

â–¶ Ilsâ€¦ https://t.co/9gQ8645bLQ"
1337440339347574784,2020-12-11 16:53:19,@FlightRight_ @EUErasmusPlus Help!! @RAM_Maroc @RAM_MarocNG  has refused to give a refund of my flight that was canâ€¦ https://t.co/OCTFgPKmy2
1337434227806236679,2020-12-11 16:29:02,ğŸ‡²ğŸ‡¦ğŸ™‚ @RAM_Maroc #RoyalAirMaroc #Boeing787 #Dreamliner #LiveryConcept  https://t.co/DDkYZhKM3p ğŸª„âœ¨
1337429932608204801,2020-12-11 16:11:58,".@RAM_Maroc has officially resumed regularly scheduled passenger service from Casablanca, Morocco ğŸ‡²ğŸ‡¦ (CMN) toâ€¦ https://t.co/xOaNzfH5QH"
1337419099765403649,2020-12-11 15:28:56,"RT @NebojsaDeLuka: ğŸ‡²ğŸ‡¦ğŸ™‚ @RAM_Maroc #RoyalAirMaroc #Airbus #A350XWB #LiveryConcept
 https://t.co/BeI4RcXzQ6 ğŸª„âœ¨"
1337417093743046659,2020-12-11 15:20:57,"Hum...et bien je vais continuer Ã  vous identifier sur des tweets, et je vais vÃ©rifier si vous Ãªtes sur Instagram... @RAM_Maroc ğŸ˜¡"
1337383564338491393,2020-12-11 13:07:43,"ğŸ‡²ğŸ‡¦ğŸ™‚ @RAM_Maroc #RoyalAirMaroc #Airbus #A350XWB #LiveryConcept
 https://t.co/BeI4RcXzQ6 ğŸª„âœ¨"
1337381523499134981,2020-12-11 12:59:37,@lycepo__ @RAM_Maroc ğŸ˜‚ğŸ˜‚ğŸ˜‚ğŸ˜‚
1337372182431731712,2020-12-11 12:22:30,Câ€™est quoi une escale technique @RAM_Maroc https://t.co/vZe1XUM3ix
1337347295386476545,2020-12-11 10:43:36,@asalmi31 @RedTech0 @commitmentsux @inwi @RAM_Maroc ğŸ˜‚ğŸ˜‚ğŸ˜‚ğŸ˜‚ğŸ˜‚
1337347185764077569,2020-12-11 10:43:10,@Laynoocha @RedTech0 @commitmentsux @inwi @RAM_Maroc ğŸ˜­ğŸ˜­ğŸ˜­ https://t.co/tnv9xUlr11
1337332971125268480,2020-12-11 09:46:41,@RedTech0 @commitmentsux @inwi @RAM_Maroc Ntouma ğŸ˜‚ Daba ğŸ¤«
1337332787699912705,2020-12-11 09:45:57,@commitmentsux @Laynoocha @inwi @RAM_Maroc Ka dir chouha l rass8a ... l3aaalam 3refha daba ğŸ˜‚ğŸ˜‚ğŸ˜‚ğŸ˜‚
1337332617247682560,2020-12-11 09:45:17,"@Laynoocha @RedTech0 @inwi @RAM_Maroc ğŸ˜‚ğŸ˜‚ğŸ˜‚ğŸ˜‚ğŸ˜‚ I forgot ğŸ˜‚ğŸ˜‚ğŸ˜‚ğŸ˜‚ğŸ˜‚
Mais Ã§a ne change rien ğŸ˜­ğŸ˜­ğŸ˜­ğŸ˜­"
1337331083382321152,2020-12-11 09:39:11,@commitmentsux @RedTech0 @inwi @RAM_Maroc ğŸ˜­ğŸ˜­ğŸ˜­ğŸ˜­ğŸ˜­ğŸ˜­ğŸ˜­
1337327619226955777,2020-12-11 09:25:25,"@RedTech0 @inwi non non, jâ€™ai foi en le fait que câ€™un humain. Ne confondons pas avec la @RAM_Maroc ğŸ˜‚ğŸ˜­ğŸ˜­ğŸ˜­ğŸ˜­"
1337318752753479681,2020-12-11 08:50:11,"@michaelohafsa1 @RAM_Maroc Les Ã‰tats-Unis ont reconnu officiellement le Sahara Marocain,, Ã§a sonne la fin des caporâ€¦ https://t.co/1pjB4GutFz"
1337317033617350659,2020-12-11 08:43:21,@michaelohafsa1 @RAM_Maroc Rends nous visite on mettra tapis rouge ğŸ˜‚ğŸ˜‚ğŸ˜‚
1337173601087328259,2020-12-10 23:13:24,@RAM_Maroc guys I have an issue with my name need to update the details and unable to do so online!! Can you help and actually reply to dm
1337153828270039050,2020-12-10 21:54:50,@ryyr_75 @RAM_Maroc @elal_france Tg fdp
1337134222411259907,2020-12-10 20:36:56,"RT @Busayos_hub: I just wanna go back home. @RAM_Maroc , are you gonna refund me or link me up with another airline koz rn, I can't even afâ€¦"
1337130523827822592,2020-12-10 20:22:14,@ryyr_75 @RAM_Maroc @elal_france Idiot
1337128715097137164,2020-12-10 20:15:02,@RAM_Maroc  remboursez moi mon argent vous Ãªtes des escrocs avec votre service bas de gamme qui modifie les vols Ã  tout va !
1337108845756342285,2020-12-10 18:56:05,@ryyr_75 @RAM_Maroc @elal_france Nn tg sal traÃ®tre
1337094445716615171,2020-12-10 17:58:52,RT @AminaGhisolfi: @RAM_Maroc C'est vraiment honteux
1337094438557003776,2020-12-10 17:58:50,RT @AminaGhisolfi: @RAM_Maroc Remboursez moi mes 1490 euros. Rendez moi mon argent UAZP4N.
1337092630900072454,2020-12-10 17:51:39,@LFCATA @ELALUSA @RAM_Maroc Et la possibilitÃ© dâ€™y aller sans visa
1337088627604647936,2020-12-10 17:35:45,@tarekyerros @2MInteractive @RAM_Maroc 1 lihoudi rajel 3la 1000 3arbi
1337088495152754690,2020-12-10 17:35:13,"@OneFromOutside1 @2MInteractive @RAM_Maroc oui mais pas direct, je nâ€™aime pas les escales ğŸ¤£ğŸ¤£ğŸ¤£ğŸ¤£ğŸ˜‚ğŸ˜‚ğŸ˜‚ğŸ˜‚"
1337085650655436801,2020-12-10 17:23:55,@ah_bakkali @2MInteractive @RAM_Maroc Yala f7alna Akhay
1337084883525652481,2020-12-10 17:20:52,@ah_bakkali @2MInteractive @RAM_Maroc Ù„Ù„Ø®ÙˆÙ†Ø© Ø¨Ø­Ø§Ù„Ùƒ Ù…Ù† Ø´Ø­Ø§Ø§Ø§Ù„ Ù‡Ø§Ø¯ÙŠ ÙƒØ§ÙŠÙ† Ø§Ù„Ø±Ø­Ù„Ø§Øª
1337083588978880514,2020-12-10 17:15:44,@Levithomus @RAM_Maroc Wsh frr respire ğŸ˜­
1337083300897300484,2020-12-10 17:14:35,"@2MInteractive @RAM_Maroc c pour quand les vols directs a ğŸ‡®ğŸ‡± ? 
ğŸ‘ğŸ»"
1337066447764328448,2020-12-10 16:07:37,"@Moulay57Moulay @RAM_Maroc Thioville, je connais.  :)"
1337042505305616384,2020-12-10 14:32:28,@RAM_Maroc C'est vraiment honteux
1337042236937293828,2020-12-10 14:31:24,@RAM_Maroc Remboursez moi mes 1490 euros. Rendez moi mon argent UAZP4N.
1337019986938896386,2020-12-10 13:03:00,"@RAM_Maroc ,j'ai rÃ©digÃ© un tweet il y a 5 jours,vous avez rÃ©agi en demandant un DM &amp; un num de requÃªte.J'ai envoyÃ©â€¦ https://t.co/Ms3IMrtfk0"
1336996919072190466,2020-12-10 11:31:20,@RAM_Maroc vous pouvez rÃ©pondre en Dm ? Merci
1336991764180156416,2020-12-10 11:10:51,"RT @ajuliacard: @RAM_Maroc Where's my reply?
It's been 2 days since I've dm you"
1336974074543812608,2020-12-10 10:00:33,@RAM_Maroc bonjour enfaite nous avons un vole prÃ©vu le 27 dÃ©cembre 2020  donc on doit faire le test PCR le 25 dÃ©cemâ€¦ https://t.co/yLzlSmKdDd
1336963554583453696,2020-12-10 09:18:45,"@RAM_Maroc Where's my reply?
It's been 2 days since I've dm you"
1336961434341810184,2020-12-10 09:10:20,@AngelaC89300719 @RAM_Maroc CONSULAR ALERT: EXTENSION OF THE STATE OF HEALTH EMERGENCY IN MOROCCO UNTIL DECEMBER 10â€¦ https://t.co/pdATGcVaHt
1336961004186558465,2020-12-10 09:08:37,"@AngelaC89300719 @RAM_Maroc Please, check with your embassy in Morocco https://t.co/lxe7mQ03U5"
1336928307510697985,2020-12-10 06:58:42,"RT @AeropuertoGC: .@RAM_Maroc (Royal Air Maroc) reduce sus vuelos directos entre #GranCanaria y Marruecos ğŸ‡²ğŸ‡¦

âœˆï¸ CASABLANCA: reduce de 4 frâ€¦"
1336859366188781569,2020-12-10 02:24:45,@RAM_Maroc UP
1336851183332372481,2020-12-10 01:52:14,@RAM_Maroc please link her up with another Airline... https://t.co/F5UWizZmxI
1336843920114847745,2020-12-10 01:23:22,@RAM_Maroc Ø¹Ù„Ø§Ø´ Ù…Ø§ ØªØ±Ø¯ÙˆØ´ ÙÙŠ Ø§Ù„Ø¹Ø§Ù… Ø¨Ø§Ø´ Ø§Ù„ÙƒÙ„ ÙŠØ³ØªØ§ÙØ¯
1336805887399387137,2020-12-09 22:52:14,"RT @AeropuertoGC: .@RAM_Maroc (Royal Air Maroc) reduce sus vuelos directos entre #GranCanaria y Marruecos ğŸ‡²ğŸ‡¦

âœˆï¸ CASABLANCA: reduce de 4 frâ€¦"
1336805851194134528,2020-12-09 22:52:06,"RT @AeropuertoGC: .@RAM_Maroc (Royal Air Maroc) reduce sus vuelos directos entre #GranCanaria y Marruecos ğŸ‡²ğŸ‡¦

âœˆï¸ CASABLANCA: reduce de 4 frâ€¦"
1336763263858561029,2020-12-09 20:02:52,".@RAM_Maroc (Royal Air Maroc) reduce sus vuelos directos entre #GranCanaria y Marruecos ğŸ‡²ğŸ‡¦

âœˆï¸ CASABLANCA: reduce dâ€¦ https://t.co/1Vkjr96R8H"
1336759409373011970,2020-12-09 19:47:33,@RAM_Maroc are you still flying to Freetown ?
1336752301713874946,2020-12-09 19:19:19,#PLA2020 is delighted to welcome Vice-President Cargo of Royal Air Maroc @RAM_Maroc Mr. Salim Quouninich who will bâ€¦ https://t.co/fAjErfC9o4
1336727750426681347,2020-12-09 17:41:45,@RAM_Maroc Dossier 01193987. Remboursez nous!!!!!!!
1336727693266735106,2020-12-09 17:41:31,@RAM_Maroc Dossier 01193987. Remboursez svp vos clients!
1336727609854586882,2020-12-09 17:41:12,@RAM_Maroc Dossier 01193987. Remboursez vos clients!!!!!
1336723728617627653,2020-12-09 17:25:46,"@RAM_Maroc Dites, vous ne trouvez pas lÃ  que votre flirte avec l'inacceptable ?
Vous rÃ©pondez Ã  mon tweet en publicâ€¦ https://t.co/4zABqKq4e4"
1336721325612822530,2020-12-09 17:16:13,RT @younes56976573: @RAM_Maroc Jâ€™attends depuis le mois Mars mon avoir !!!!! Vous pouvez rembourser les passagers !!!!! Ref : UTIIGP  @RAM_â€¦
1336700242721464324,2020-12-09 15:52:27,"RT @RAM_Maroc: Envolez-vous vers la Perle du Nord grÃ¢ce Ã  de nouveaux vols directs âœˆï¸
Ã€ partir du 11 DÃ©cembre, Royal Air Maroc vous  emmÃ¨neâ€¦"
1336700190267478018,2020-12-09 15:52:14,RT @RAM_Maroc: Travel to your favorite destinations with peace of mind while benefiting from free and automatic COVID-19 cover for your Royâ€¦
1336700164644372481,2020-12-09 15:52:08,"RT @RAM_Maroc: Ù†Ø¯Ø¹ÙˆÙƒÙ… Ù„Ù„ØªØ£ÙƒØ¯ Ù…Ù† Ù…Ø¹Ø§ÙŠÙŠØ± Ø§Ù„Ø§Ø³ØªØ­Ù‚Ø§Ù‚ Ù…Ù† Ø®Ù„Ø§Ù„ Ø§Ù„Ø§Ø·Ù„Ø§Ø¹ Ø¹Ù„Ù‰ Ø§Ù„Ø´Ø±ÙˆØ· Ø§Ù„Ø¹Ø§Ù…Ø© Ø¹Ù„Ù‰ Ø§Ù„Ø±Ø§Ø¨Ø·ğŸ‘‡ https://t.co/kzwUI7LFtH
Ø§Ø­Ø¬Ø²ÙˆØ§ Ø§Ù„Ø¢Ù† ØªØ°ÙƒØ±ØªÙƒÙ…â€¦"
1336700141504507915,2020-12-09 15:52:03,RT @RAM_Maroc: Ù‚ÙˆÙ…ÙˆØ§ Ø¨Ø²ÙŠØ§Ø±Ø© ÙˆØ¬Ù‡Ø§ØªÙƒÙ… Ø§Ù„Ù…ÙØ¶Ù„Ø© Ø¨ÙƒÙ„ Ø±Ø§Ø­Ø© Ø¨Ø§Ù„ Ù…Ù† Ø®Ù„Ø§Ù„ Ø§Ù„Ø§Ø³ØªÙØ§Ø¯Ø© Ù…Ù† ØªØºØ·ÙŠØ© COVID-19 Ø§Ù„Ù…Ø¬Ø§Ù†ÙŠØ© ÙˆØ§Ù„ØªÙ„Ù‚Ø§Ø¦ÙŠØ© Ù„ØªØ°Ø§ÙƒØ±ÙƒÙ… RAM Ø§Ù„ØªÙŠ ØªØ­Ù…Ù„ ØªØ§Ø±â€¦
1336691115060305920,2020-12-09 15:16:11,"RT @DXelprat: Operador: @RAM_Maroc 
Aeronave: B737-7B6
Registro: CN-RNR
Vuelo: CMN-BCN Landing RWY 02
Fecha: 09/12/20, 10:30Z  
@spottersbcâ€¦"
1336687466309447680,2020-12-09 15:01:41,RT @officialmcojb: @RAM_Maroc I don't know why you are lying. You guys cancelled my flight on the 12th to lagos and didn't deem it fit to tâ€¦
1336671399260409858,2020-12-09 13:57:50,"RT @DXelprat: Operador: @RAM_Maroc 
Aeronave: B737-7B6
Registro: CN-RNR
Vuelo: CMN-BCN Landing RWY 02
Fecha: 09/12/20, 10:30Z  
@spottersbcâ€¦"
1336669845958651905,2020-12-09 13:51:40,"RT @DXelprat: Operador: @RAM_Maroc 
Aeronave: B737-7B6
Registro: CN-RNR
Vuelo: CMN-BCN Landing RWY 02
Fecha: 09/12/20, 10:30Z  
@spottersbcâ€¦"
1336665754553368577,2020-12-09 13:35:24,@RAM_Maroc  va intensifier son programme Ã  compter du 15 dÃ©cembre dans le cadre d'une relance en partenariat avec lâ€¦ https://t.co/ZEjEWL3uUg
1336664039477415941,2020-12-09 13:28:35,@Kamel_Zeck @RAM_Maroc ğŸ‘‹ğŸ‘‹
1336664010213777409,2020-12-09 13:28:28,"RT @Kamel_Zeck: Bonjour Ã  tous !

Sauf Ã  la @RAM_Maroc qui imposera un passeport Covid-19 pour voyager. Autrement dit, pas de vaccin, pas dâ€¦"
1336658766624919552,2020-12-09 13:07:38,"Operador: @RAM_Maroc 
Aeronave: B737-7B6
Registro: CN-RNR
Vuelo: CMN-BCN Landing RWY 02
Fecha: 09/12/20, 10:30Zâ€¦ https://t.co/sRjqsRgjmK"
1336655137293688833,2020-12-09 12:53:13,RT @officialmcojb: @RAM_Maroc I don't know why you are lying. You guys cancelled my flight on the 12th to lagos and didn't deem it fit to tâ€¦
1336653739147587584,2020-12-09 12:47:39,"@RAM_Maroc Pour voyager, est ce que le test PCR est suffisant oÃ¹ il est nÃ©cessaire d'avoir la carte du vaccin!?"
1336650071073574913,2020-12-09 12:33:05,RT @officialmcojb: @RAM_Maroc I don't know why you are lying. You guys cancelled my flight on the 12th to lagos and didn't deem it fit to tâ€¦
1336647783156228096,2020-12-09 12:23:59,@RAM_Maroc I don't know why you are lying. You guys cancelled my flight on the 12th to lagos and didn't deem it fitâ€¦ https://t.co/ELf14JjKBu
1336633772943560704,2020-12-09 11:28:19,"@RAM_Maroc Dossier 01193987. Au lieu de faire de la publicitÃ©, remboursez nous dâ€™abord"
1336633672527654913,2020-12-09 11:27:55,@RAM_Maroc Dossier 0119398. Quand allez vous nous rembourser??
1336633595386060807,2020-12-09 11:27:37,"@RAM_Maroc Dossier 01193987
Quand allez vous nous rembourser?????"
1336633505896394753,2020-12-09 11:27:15,@RAM_Maroc Dossier 01193987. Câ€™est une honte. Quand allez vous nous rembourser????
1336618665337352192,2020-12-09 10:28:17,"@RAM_Maroc dossier 01193987.
Le remboursement de nos vols retour sont prÃ©vus quand ?? Vu que ne vous ne rÃ©pondez mÃªâ€¦ https://t.co/EVKQ39FnvK"
1336618410957037568,2020-12-09 10:27:16,@RAM_Maroc dossier 01193987. Quand allez vous nous rembourser???????
1336579705907056641,2020-12-09 07:53:28,@RAM_Maroc Jâ€™attends depuis le mois Mars mon avoir !!!!! Vous pouvez rembourser les passagers !!!!! Ref : UTIIGP  @RAM_Maroc  @eDreams
1336570081304850433,2020-12-09 07:15:14,RT @RAM_Maroc: Travel to your favorite destinations with peace of mind while benefiting from free and automatic COVID-19 cover for your Royâ€¦
1336566051837014016,2020-12-09 06:59:13,"@RAM_Maroc 

Ã€ transmettre au maximum.

Merci de bien vouloir cliquez, tÃ©lÃ©charger, d'ouvrir et de lire.â€¦ https://t.co/mb1XaASred"
1336539665986367494,2020-12-09 05:14:22,"RT @Busayos_hub: I just wanna go back home. @RAM_Maroc , are you gonna refund me or link me up with another airline koz rn, I can't even afâ€¦"
